Text,Category
gym,Fitness
salad,Food
lipstick,Beauty
protein,Fitness
smoothie,Food
skincare,Beauty
cardio,Fitness
avocado,Food
mascara,Beauty
weightlifting,Fitness
fruit,Food
haircare,Beauty
yoga,Fitness
pizza,Food
foundation,Beauty
running,Fitness
pasta,Food
eyeliner,Beauty
cycling,Fitness
sushi,Food
eyeshadow,Beauty
strength,Fitness
burger,Food
moisturizer,Beauty
stretching,Fitness
ice cream,Food
nail polish,Beauty
swimming,Fitness
sandwich,Food
perfume,Beauty
crossfit,Fitness
chicken,Food
blush,Beauty
hiking,Fitness
tacos,Food
eyebrows,Beauty
weight loss,Fitness
rice,Food
lip gloss,Beauty
dance,Fitness
smoothie bowl,Food
concealer,Beauty
weight gain,Fitness
quinoa,Food
highlighter,Beauty
kickboxing,Fitness
burrito,Food
facial mask,Beauty
circuit training,Fitness
salsa,Food
bronzer,Beauty
pilates,Fitness
steak,Food
nail art,Beauty
aerobics,Fitness
soup,Food
eyelash extensions,Beauty
delicious,Food
barbell,Fitness
lasagna,Food
contouring,Beauty
resistance bands,Fitness
cereal,Food
serum,Beauty
elliptical,Fitness
brownie,Food
tanning lotion,Beauty
meditation,Fitness
granola,Food
hair serum,Beauty
HIIT,Fitness
muffin,Food
shampoo,Beauty
trx,Fitness
falafel,Food
body lotion,Beauty
powerlifting,Fitness
chocolate,Food
lip balm,Beauty
calisthenics,Fitness
kale,Food
deodorant,Beauty
rowing,Fitness
pancake,Food
makeup remover,Beauty
spinning,Fitness
omelette,Food
hair dye,Beauty
tabata,Fitness
crackers,Food
face wash,Beauty
tai chi,Fitness
hummus,Food
foot cream,Beauty
bootcamp,Fitness
bacon,Food
cuticle oil,Beauty
plyometrics,Fitness
deadlift,Fitness
burpees,Fitness
sprinting,Fitness
kettlebells,Fitness
agility ladder,Fitness
foam rolling,Fitness
muscle building,Fitness
endurance training,Fitness
plyo box,Fitness
stair climbing,Fitness
isometrics,Fitness
bodyweight exercises,Fitness
gnocchi,Food
sorbet,Food
ceviche,Food
croissant,Food
bruschetta,Food
dumplings,Food
risotto,Food
paella,Food
gelato,Food
baguette,Food
ramen,Food
panna cotta,Food
gazpacho,Food
toner,Beauty
exfoliator,Beauty
lip scrub,Beauty
cuticle pusher,Beauty
setting spray,Beauty
heat protectant,Beauty
face mist,Beauty
body scrub,Beauty
hair mask,Beauty
micellar water,Beauty
sheet mask,Beauty
night cream,Beauty
eyebrow pencil,Beauty
BB cream,Beauty
CC cream,Beauty
body combat,Fitness
mountain climbers,Fitness
core training,Fitness
TRX training,Fitness
foam roller,Fitness
sandbag training,Fitness
plyo jumps,Fitness
aqua aerobics,Fitness
functional training,Fitness
agility drills,Fitness
dynamic stretching,Fitness
sports conditioning,Fitness
fondue,Food
tabbouleh,Food
kimchi,Food
borscht,Food
sashimi,Food
tapas,Food
enchilada,Food
moussaka,Food
churros,Food
cannoli,Food
tempura,Food
couscous,Food
jambalaya,Food
empanada,Food
pho,Food
primer,Beauty
lip liner,Beauty
setting powder,Beauty
cleansing oil,Beauty
brow gel,Beauty
cuticle trimmer,Beauty
body butter,Beauty
face serum,Beauty
lash curler,Beauty
pore strips,Beauty
face roller,Beauty
retinol cream,Beauty
scalp scrub,Beauty
beauty blender,Beauty
peptide cream,Beauty
warm-up,Fitness
cooldown,Fitness
personal trainer,Fitness
gym membership,Fitness
fitness tracker,Fitness
interval training,Fitness
resistance training,Fitness
cardio kickboxing,Fitness
obstacle course,Fitness
fitness app,Fitness
spin class,Fitness
workout plan,Fitness
mobility exercises,Fitness
stretching band,Fitness
stew,Food
goulash,Food
bisque,Food
crêpe,Food
fritter,Food
mousse,Food
parfait,Food
polenta,Food
quiche,Food
soufflé,Food
tart,Food
waffle,Food
anti-aging cream,Beauty
bath bomb,Beauty
beauty sponge,Beauty
blemish balm,Beauty
compact powder,Beauty
depilatory,Beauty
dry shampoo,Beauty
eyeliner pencil,Beauty
facial cleanser,Beauty
hair conditioner,Beauty
hair oil,Beauty
lip tint,Beauty
makeup palette,Beauty